<?xml version="1.0" encoding="utf-8"?>
<dleplugin>
	<name>გარე ბმულის გადამისამართება</name>
	<description>დამატებითი ბმულების რედირექთი ტაიმერით და დიზაინით</description>
	<icon>engine/skins/images/ticcix_redirect.png</icon>
	<version>1.0.1</version>
	<dleversion>13</dleversion>
	<versioncompare>greater</versioncompare>
	<upgradeurl>https://fb.com/Ticcix/</upgradeurl>
	<filedelete>0</filedelete>
	<needplugin></needplugin>
	<mnotice>0</mnotice>
	<mysqlinstall><![CDATA[]]></mysqlinstall>
	<mysqlupgrade><![CDATA[]]></mysqlupgrade>
	<mysqlenable><![CDATA[]]></mysqlenable>
	<mysqldisable><![CDATA[]]></mysqldisable>
	<mysqldelete><![CDATA[]]></mysqldelete>
	<phpinstall><![CDATA[]]></phpinstall>
	<phpupgrade><![CDATA[]]></phpupgrade>
	<phpenable><![CDATA[]]></phpenable>
	<phpdisable><![CDATA[]]></phpdisable>
	<phpdelete><![CDATA[]]></phpdelete>
	<notice><![CDATA[]]></notice>
	<file name="engine/classes/parse.class.php">
		<operation action="replace">
			<searchcode><![CDATA[if ($this->safe_mode AND !$config['allow_search_link'] AND $target)
				return $this->htmlparser->purify("<a href=\"" . $url['html'] . "\" " . $target . " rel=\"nofollow\">" . $url['show'] . "</a>") . $url['end'];
			else
				return $this->htmlparser->purify("<a href=\"" . $url['html'] . "\" " . $target . ">" . $url['show'] . "</a>") . $url['end'];]]></searchcode>
			<replacecode><![CDATA[if( $this->safe_mode AND !$config['allow_search_link'] AND $target ) {
				return $this->htmlparser->purify("<a href=\"" . $url['html'] . "\" " . $target . " rel=\"nofollow\">" . $url['show'] . "</a>") . $url['end'];
			} elseif( $this->check_home($url['html']) ) {
				return $this->htmlparser->purify("<a href=\"" . $url['html'] . "\" " . $target . ">" . $url['show'] . "</a>") . $url['end'];
			} else {
				$url['html'] = $config['http_home_url'] . "go/?" . $url['html'];
				return $this->htmlparser->purify("<a href=\"" . $url['html'] . "\" " . $target . " rel=\"nofollow\">" . $url['show'] . "</a>") . $url['end'];
			}]]></replacecode>
		</operation>
		<operation action="replace">
			<searchcode><![CDATA[if (!$params OR $params == 'target="_blank"') {

			$url = str_replace("&amp;","&", $url );

			return "[url=" . $url . "]" . $show . "[/url]";

 		} else {

			return $matches[0];

		}]]></searchcode>
			<replacecode><![CDATA[if (!$params OR $params == 'target="_blank"') {

			$url = str_replace("&amp;","&", $url );
			$url = str_replace($config['http_home_url'] . "go/?", "", $url);

			return "[url=" . $url . "]" . $show . "[/url]";

 		} else {

			return $matches[0];

		}]]></replacecode>
		</operation>
	</file>
</dleplugin>